{"cameraMode":{"drawMode":0,"name":"Shaded","section":"Shading Mode"},"sceneLighting":true,"audioPlay":false,"sceneViewState":{"showFog":true,"showMaterialUpdate":false,"showSkybox":true,"showFlares":true,"showImageEffects":true,"showParticleSystems":true},"in2DMode":false,"pivot":{"x":25.070566177368165,"y":4.151159286499023,"z":-27.74602508544922},"rotation":{"x":0.4802245795726776,"y":0.19370579719543458,"z":-0.10473816096782685,"w":0.8501123785972595},"size":37.81179428100586,"orthographic":false}