{"cameraMode":{"drawMode":0,"name":"Shaded","section":"Shading Mode"},"sceneLighting":true,"audioPlay":false,"sceneViewState":{"showFog":true,"showMaterialUpdate":false,"showSkybox":true,"showFlares":true,"showImageEffects":true,"showParticleSystems":true},"in2DMode":false,"pivot":{"x":14.208468437194825,"y":11.061612129211426,"z":-42.113895416259769},"rotation":{"x":-0.2585223913192749,"y":-0.4205429255962372,"z":0.12216605991125107,"w":-0.8616381883621216},"size":3.1609363555908205,"orthographic":false}